first_seen,last_seen,Keyword_x,Suggestion,is_new,blogpost_created,category,blogpost_title,silot_terms,cornerstone,cluster,Currency,Segmentation,Avg. monthly searches,Three month change,YoY change,Competition,Competition (indexed value),Top of page bid (low range),Top of page bid (high range),Ad impression share,Organic average position,Organic impression share,In Account,Searches: Jul 2021,Searches: Aug 2021,Searches: Sep 2021,Searches: Oct 2021,Searches: Nov 2021,Searches: Dec 2021,Searches: Jan 2022,Searches: Feb 2022,Searches: Mar 2022,Searches: Apr 2022,Searches: May 2022,Searches: Jun 2022
2022-07-12,2022-07-12,champion paralympique,champion 4 vs champion 4 max,True,False,,,,,22,EUR,,50.0,0%,0%,Low,18.0,,,,,,,,,,,,,,,,,,
2022-07-12,2022-07-12,champion paralympique,champion du monde paralympique,True,False,,,,,28,EUR,,50.0,0%,0%,Low,0.0,,,,,,,,,,,,,,,,,,
2022-07-12,2022-07-12,champion olympique,champion of olympic,True,False,,,,,4,EUR,,50.0,0%,0%,Low,0.0,,,,,,,,,,,,,,,,,,
2022-07-12,2022-07-12,champion olympique,champion of olympic 2020,True,False,,,,,10,EUR,,50.0,0%,â,Low,0.0,,,,,,,,,,,,,,,,,,
2022-07-12,2022-07-12,champion olympique,champion of olympic games,True,False,,,,,4,EUR,,50.0,0%,0%,Low,0.0,,,,,,,,,,,,,,,,,,
2022-07-12,2022-07-12,champion paralympique,champion of or champion for,True,False,,,,,22,EUR,,50.0,0%,â,Low,1.0,,,,,,,,,,,,,,,,,,
2022-07-12,2022-07-12,champion paralympique,champion of or champion for,True,False,,,,,22,EUR,,50.0,0%,â,Low,1.0,,,,,,,,,,,,,,,,,,
2022-07-12,2022-07-12,champion olympique,champion of or champion for,True,False,,,,,22,EUR,,50.0,0%,â,Low,1.0,,,,,,,,,,,,,,,,,,
2022-07-12,2022-07-12,champion olympique,champion of or champion for,True,False,,,,,22,EUR,,50.0,0%,â,Low,1.0,,,,,,,,,,,,,,,,,,
2022-07-12,2022-07-12,champion olympique,champion olympic weight set,True,False,,,,,4,EUR,,50.0,0%,0%,Low,0.0,,,,,,,,,,,,,,,,,,
2022-07-12,2022-07-12,champion olympique,champion olympique 110 m haies,True,False,,,,,22,EUR,,50.0,0%,â,Low,0.0,,,,,,,,,,,,,,,,,,
2022-07-12,2022-07-12,champion olympique,champion olympique 1500m,True,False,,,,,22,EUR,,50.0,0%,â,Low,0.0,,,,,,,,,,,,,,,,,,
2022-07-12,2022-07-12,champion olympique,champion olympique 2016,True,False,,,,,1,EUR,,50.0,0%,0%,Low,0.0,,,,,,,,,,,,,,,,,,
2022-07-12,2022-07-12,champion olympique,champion olympique 2021,True,False,,,,,18,EUR,,50.0,0%,â,Low,6.0,,,,,,,,,,,,,,,,,,
2022-07-12,2022-07-12,champion olympique,champion olympique 400 m haies,True,False,,,,,22,EUR,,50.0,0%,â,Low,0.0,,,,,,,,,,,,,,,,,,
2022-07-12,2022-07-12,champion olympique,champion olympique 400m,True,False,,,,,13,EUR,,50.0,0%,0%,Low,0.0,,,,,,,,,,,,,,,,,,
2022-07-12,2022-07-12,champion olympique,champion olympique 50 km marche,True,False,,,,,22,EUR,,50.0,0%,â,Low,0.0,,,,,,,,,,,,,,,,,,
2022-07-12,2022-07-12,champion olympique,champion olympique 5000m,True,False,,,,,29,EUR,,50.0,0%,â,Low,0.0,,,,,,,,,,,,,,,,,,
2022-07-12,2022-07-12,champion olympique,champion olympique 800m,True,False,,,,,22,EUR,,50.0,0%,0%,Low,0.0,,,,,,,,,,,,,,,,,,
2022-07-12,2022-07-12,champion olympique,champion olympique algerien,True,False,,,,,22,EUR,,50.0,0%,0%,Low,0.0,,,,,,,,,,,,,,,,,,
2022-07-12,2022-07-12,champion olympique,champion olympique anglais,True,False,,,,,22,EUR,,50.0,0%,0%,Low,0.0,,,,,,,,,,,,,,,,,,
2022-07-12,2022-07-12,champion olympique,champion olympique anneaux,True,False,,,,,22,EUR,,50.0,0%,â,Low,0.0,,,,,,,,,,,,,,,,,,
2022-07-12,2022-07-12,champion olympique,champion olympique australien short track,True,False,,,,,22,EUR,,50.0,0%,â,Low,0.0,,,,,,,,,,,,,,,,,,
2022-07-12,2022-07-12,champion olympique,champion olympique aviron 2021,True,False,,,,,18,EUR,,50.0,0%,â,Low,0.0,,,,,,,,,,,,,,,,,,
2022-07-12,2022-07-12,champion olympique,champion olympique badminton,True,False,,,,,22,EUR,,50.0,0%,0%,Low,0.0,,,,,,,,,,,,,,,,,,
2022-07-12,2022-07-12,champion olympique,champion olympique belge,True,False,,,,,22,EUR,,50.0,0%,â,Low,0.0,,,,,,,,,,,,,,,,,,
2022-07-12,2022-07-12,champion olympique,champion olympique boxe,True,False,,,,,22,EUR,,50.0,0%,0%,Low,0.0,,,,,,,,,,,,,,,,,,
2022-07-12,2022-07-12,champion olympique,champion olympique boxe 2016,True,False,,,,,1,EUR,,50.0,0%,0%,Low,0.0,,,,,,,,,,,,,,,,,,
2022-07-12,2022-07-12,champion olympique,champion olympique curling,True,False,,,,,22,EUR,,50.0,0%,0%,Low,0.0,,,,,,,,,,,,,,,,,,
2022-07-12,2022-07-12,champion olympique,champion olympique cyclisme 2016,True,False,,,,,1,EUR,,50.0,0%,0%,Low,0.0,,,,,,,,,,,,,,,,,,
2022-07-12,2022-07-12,champion olympique,champion olympique cyclisme 2020,True,False,,,,,10,EUR,,50.0,0%,â,Low,0.0,,,,,,,,,,,,,,,,,,
2022-07-12,2022-07-12,champion olympique,champion olympique cyclisme 2021,True,False,,,,,18,EUR,,50.0,0%,â,Low,0.0,,,,,,,,,,,,,,,,,,
2022-07-12,2022-07-12,champion olympique,champion olympique danse sur glace,True,False,,,,,22,EUR,,50.0,0%,â,Low,0.0,,,,,,,,,,,,,,,,,,
2022-07-12,2022-07-12,champion olympique,champion olympique de football,True,False,,,,,6,EUR,,50.0,0%,0%,Low,0.0,,,,,,,,,,,,,,,,,,
2022-07-12,2022-07-12,champion olympique,champion olympique de handball,True,False,,,,,16,EUR,,50.0,0%,0%,Low,0.0,,,,,,,,,,,,,,,,,,
2022-07-12,2022-07-12,champion olympique,champion olympique de natation,True,False,,,,,5,EUR,,50.0,-90%,0%,Low,0.0,,,,,,,,,,,,,,,,,,
2022-07-12,2022-07-12,champion olympique,champion olympique de tennis,True,False,,,,,2,EUR,,50.0,0%,0%,Low,0.0,,,,,,,,,,,,,,,,,,
2022-07-12,2022-07-12,champion olympique,champion olympique decathlon,True,False,,,,,22,EUR,,50.0,0%,0%,Low,0.0,,,,,,,,,,,,,,,,,,
2022-07-12,2022-07-12,champion olympique,champion olympique descente,True,False,,,,,22,EUR,,50.0,0%,0%,Low,0.0,,,,,,,,,,,,,,,,,,
2022-07-12,2022-07-12,champion olympique,champion olympique descente ski,True,False,,,,,22,EUR,,50.0,0%,0%,Low,0.0,,,,,,,,,,,,,,,,,,
2022-07-12,2022-07-12,champion olympique,champion olympique du 100m,True,False,,,,,22,EUR,,50.0,0%,0%,Low,0.0,,,,,,,,,,,,,,,,,,
2022-07-12,2022-07-12,champion olympique,champion olympique epee francais,True,False,,,,,22,EUR,,50.0,0%,â,Low,0.0,,,,,,,,,,,,,,,,,,
2022-07-12,2022-07-12,champion olympique,champion olympique equitation,True,False,,,,,22,EUR,,50.0,0%,0%,Low,0.0,,,,,,,,,,,,,,,,,,
2022-07-12,2022-07-12,champion olympique,champion olympique equitation france,True,False,,,,,22,EUR,,50.0,0%,0%,Low,0.0,,,,,,,,,,,,,,,,,,
2022-07-12,2022-07-12,champion olympique,champion olympique escalade,True,False,,,,,22,EUR,,50.0,0%,â,Low,0.0,,,,,,,,,,,,,,,,,,
2022-07-12,2022-07-12,champion olympique,champion olympique escalade homme,True,False,,,,,29,EUR,,50.0,0%,â,Low,0.0,,,,,,,,,,,,,,,,,,
2022-07-12,2022-07-12,champion olympique,champion olympique escrime 2021,True,False,,,,,18,EUR,,50.0,0%,â,Low,0.0,,,,,,,,,,,,,,,,,,
2022-07-12,2022-07-12,champion olympique,champion olympique football 1984,True,False,,,,,6,EUR,,50.0,0%,0%,Low,0.0,,,,,,,,,,,,,,,,,,
2022-07-12,2022-07-12,champion olympique,champion olympique football 2021,True,False,,,,,6,EUR,,50.0,0%,â,Low,0.0,,,,,,,,,,,,,,,,,,
2022-07-12,2022-07-12,champion olympique,champion olympique francais patinage artistique,True,False,,,,,22,EUR,,50.0,0%,0%,Low,0.0,,,,,,,,,,,,,,,,,,
2022-07-12,2022-07-12,champion olympique,champion olympique golf,True,False,,,,,22,EUR,,50.0,0%,â,Low,0.0,,,,,,,,,,,,,,,,,,
2022-07-12,2022-07-12,champion olympique,champion olympique golf 2021,True,False,,,,,18,EUR,,50.0,0%,â,Low,0.0,,,,,,,,,,,,,,,,,,
2022-07-12,2022-07-12,champion olympique,champion olympique gymnastique,True,False,,,,,17,EUR,,50.0,0%,0%,Low,0.0,,,,,,,,,,,,,,,,,,
2022-07-12,2022-07-12,champion olympique,champion olympique gymnastique homme,True,False,,,,,17,EUR,,50.0,0%,â,Low,0.0,,,,,,,,,,,,,,,,,,
2022-07-12,2022-07-12,champion olympique,champion olympique handball france,True,False,,,,,16,EUR,,50.0,0%,â,Low,0.0,,,,,,,,,,,,,,,,,,
2022-07-12,2022-07-12,champion olympique,champion olympique hockey 2018,True,False,,,,,22,EUR,,50.0,0%,0%,Low,0.0,,,,,,,,,,,,,,,,,,
2022-07-12,2022-07-12,champion olympique,champion olympique hockey sur gazon,True,False,,,,,22,EUR,,50.0,0%,0%,Low,0.0,,,,,,,,,,,,,,,,,,
2022-07-12,2022-07-12,champion olympique,champion olympique hockey sur glace,True,False,,,,,22,EUR,,50.0,0%,0%,Low,0.0,,,,,,,,,,,,,,,,,,
2022-07-12,2022-07-12,champion olympique,champion olympique judo 100 kg,True,False,,,,,25,EUR,,50.0,0%,â,Low,0.0,,,,,,,,,,,,,,,,,,
2022-07-12,2022-07-12,champion olympique,champion olympique judo 2016,True,False,,,,,25,EUR,,50.0,â,0%,Low,0.0,,,,,,,,,,,,,,,,,,
2022-07-12,2022-07-12,champion olympique,champion olympique judo femme,True,False,,,,,25,EUR,,50.0,0%,â,Low,0.0,,,,,,,,,,,,,,,,,,
2022-07-12,2022-07-12,champion olympique,champion olympique karate,True,False,,,,,22,EUR,,50.0,0%,â,Low,0.0,,,,,,,,,,,,,,,,,,
2022-07-12,2022-07-12,champion olympique,champion olympique karate 2021,True,False,,,,,18,EUR,,50.0,0%,â,Low,0.0,,,,,,,,,,,,,,,,,,
2022-07-12,2022-07-12,champion olympique,champion olympique kayak,True,False,,,,,19,EUR,,50.0,0%,0%,Low,0.0,,,,,,,,,,,,,,,,,,
2022-07-12,2022-07-12,champion olympique,champion olympique kayak transgenre,True,False,,,,,19,EUR,,50.0,0%,0%,Low,0.0,,,,,,,,,,,,,,,,,,
2022-07-12,2022-07-12,champion olympique,champion olympique les saisies,True,False,,,,,22,EUR,,50.0,0%,â,Low,0.0,,,,,,,,,,,,,,,,,,
2022-07-12,2022-07-12,champion olympique,champion olympique lutte,True,False,,,,,22,EUR,,50.0,0%,0%,Low,0.0,,,,,,,,,,,,,,,,,,
2022-07-12,2022-07-12,champion olympique,champion olympique marocain,True,False,,,,,22,EUR,,50.0,0%,â,Low,0.0,,,,,,,,,,,,,,,,,,
2022-07-12,2022-07-12,champion olympique,champion olympique natation 2021,True,False,,,,,5,EUR,,50.0,0%,â,Low,0.0,,,,,,,,,,,,,,,,,,
2022-07-12,2022-07-12,champion olympique,champion olympique natation americain,True,False,,,,,5,EUR,,50.0,0%,0%,Low,0.0,,,,,,,,,,,,,,,,,,
2022-07-12,2022-07-12,champion paralympique,champion olympique paralympique,True,False,,,,,22,EUR,,50.0,0%,â,Low,0.0,,,,,,,,,,,,,,,,,,
2022-07-12,2022-07-12,champion olympique,champion olympique patinage,True,False,,,,,22,EUR,,50.0,0%,0%,Low,0.0,,,,,,,,,,,,,,,,,,
2022-07-12,2022-07-12,champion olympique,champion olympique patinage artistique 2018,True,False,,,,,22,EUR,,50.0,0%,0%,Low,0.0,,,,,,,,,,,,,,,,,,
2022-07-12,2022-07-12,champion olympique,champion olympique patinage artistique couple francais,True,False,,,,,22,EUR,,50.0,0%,â,Low,0.0,,,,,,,,,,,,,,,,,,
2022-07-12,2022-07-12,champion olympique,champion olympique patinage de vitesse,True,False,,,,,22,EUR,,50.0,0%,0%,Low,0.0,,,,,,,,,,,,,,,,,,
2022-07-12,2022-07-12,champion olympique,champion olympique ping pong,True,False,,,,,22,EUR,,50.0,0%,â,Low,0.0,,,,,,,,,,,,,,,,,,
2022-07-12,2022-07-12,champion olympique,champion olympique plongeon,True,False,,,,,22,EUR,,50.0,0%,â,Low,0.0,,,,,,,,,,,,,,,,,,
2022-07-12,2022-07-12,champion olympique,champion olympique relais francais,True,False,,,,,22,EUR,,50.0,-90%,â,Low,0.0,,,,,,,,,,,,,,,,,,
2022-07-12,2022-07-12,champion olympique,champion olympique rocket league,True,False,,,,,22,EUR,,50.0,0%,â,Low,0.0,,,,,,,,,,,,,,,,,,
2022-07-12,2022-07-12,champion olympique,champion olympique skate,True,False,,,,,22,EUR,,50.0,0%,â,Low,0.0,,,,,,,,,,,,,,,,,,
2022-07-12,2022-07-12,champion olympique,champion olympique ski de bosse homme,True,False,,,,,29,EUR,,50.0,0%,â,Low,0.0,,,,,,,,,,,,,,,,,,
2022-07-12,2022-07-12,champion olympique,champion olympique slalom,True,False,,,,,22,EUR,,50.0,0%,â,Low,0.0,,,,,,,,,,,,,,,,,,
2022-07-12,2022-07-12,champion olympique,champion olympique slalom francais,True,False,,,,,22,EUR,,50.0,0%,â,Low,0.0,,,,,,,,,,,,,,,,,,
2022-07-12,2022-07-12,champion olympique,champion olympique surf,True,False,,,,,22,EUR,,50.0,0%,â,Low,0.0,,,,,,,,,,,,,,,,,,
2022-07-12,2022-07-12,champion olympique,champion olympique taekwondo,True,False,,,,,22,EUR,,50.0,0%,â,Low,0.0,,,,,,,,,,,,,,,,,,
2022-07-12,2022-07-12,champion olympique,champion olympique tennis 2016,True,False,,,,,2,EUR,,50.0,0%,-90%,Low,0.0,,,,,,,,,,,,,,,,,,
2022-07-12,2022-07-12,champion olympique,champion olympique tennis 2021,True,False,,,,,2,EUR,,50.0,0%,â,Low,0.0,,,,,,,,,,,,,,,,,,
2022-07-12,2022-07-12,champion olympique,champion olympique tennis de table,True,False,,,,,2,EUR,,50.0,0%,0%,Low,0.0,,,,,,,,,,,,,,,,,,
2022-07-12,2022-07-12,champion olympique,champion olympique velo,True,False,,,,,22,EUR,,50.0,0%,â,Low,0.0,,,,,,,,,,,,,,,,,,
2022-07-12,2022-07-12,champion olympique,champion olympique volley,True,False,,,,,18,EUR,,50.0,0%,â,Low,0.0,,,,,,,,,,,,,,,,,,
2022-07-12,2022-07-12,champion olympique,champion olympique volley 2021,True,False,,,,,18,EUR,,50.0,0%,â,Low,0.0,,,,,,,,,,,,,,,,,,
2022-07-12,2022-07-12,champion olympique,champion olympique vtt 2021,True,False,,,,,18,EUR,,50.0,0%,â,Low,0.0,,,,,,,,,,,,,,,,,,
2022-07-12,2022-07-12,champion paralympique,champion paralympique course,True,False,,,,,28,EUR,,50.0,0%,â,Low,0.0,,,,,,,,,,,,,,,,,,
2022-07-12,2022-07-12,champion paralympique,champion paralympique cyclisme,True,False,,,,,28,EUR,,50.0,0%,â,Low,0.0,,,,,,,,,,,,,,,,,,
2022-07-12,2022-07-12,champion paralympique,champion paralympique escrime,True,False,,,,,28,EUR,,50.0,0%,0%,Low,0.0,,,,,,,,,,,,,,,,,,
2022-07-12,2022-07-12,champion paralympique,champion paralympique espagnol,True,False,,,,,28,EUR,,50.0,0%,0%,Low,0.0,,,,,,,,,,,,,,,,,,
2022-07-12,2022-07-12,champion paralympique,champion paralympique ping pong,True,False,,,,,28,EUR,,50.0,0%,0%,Low,0.0,,,,,,,,,,,,,,,,,,
2022-07-12,2022-07-12,champion paralympique,champion paralympique ski,True,False,,,,,28,EUR,,50.0,0%,â,Low,0.0,,,,,,,,,,,,,,,,,,
2022-07-12,2022-07-12,champion paralympique,champion paralympique sud africain,True,False,,,,,28,EUR,,50.0,0%,â,Low,0.0,,,,,,,,,,,,,,,,,,
2022-07-12,2022-07-12,champion paralympique,champion paralympique tennis,True,False,,,,,2,EUR,,50.0,0%,0%,Low,0.0,,,,,,,,,,,,,,,,,,
2022-07-12,2022-07-12,champion paralympique,champion paralympique tennis de table,True,False,,,,,2,EUR,,50.0,0%,0%,Low,0.0,,,,,,,,,,,,,,,,,,
2022-07-12,2022-07-12,champion paralympique,champion paralympique triathlon,True,False,,,,,28,EUR,,50.0,0%,â,Low,0.0,,,,,,,,,,,,,,,,,,
2022-07-12,2022-07-12,champion paralympique,champion releases 2020,True,False,,,,,10,EUR,,50.0,0%,0%,Low,0.0,,,,,,,,,,,,,,,,,,
2022-07-12,2022-07-12,champion paralympique,champion vs champion 4,True,False,,,,,22,EUR,,50.0,0%,0%,Low,11.0,,,,,,,,,,,,,,,,,,
2022-07-12,2022-07-12,champion paralympique,champion vs champion 4,True,False,,,,,22,EUR,,50.0,0%,0%,Low,11.0,,,,,,,,,,,,,,,,,,
2022-07-12,2022-07-12,champion olympique,champion vs champion 4,True,False,,,,,22,EUR,,50.0,0%,0%,Low,11.0,,,,,,,,,,,,,,,,,,
2022-07-12,2022-07-12,champion olympique,champion vs champion 4,True,False,,,,,22,EUR,,50.0,0%,0%,Low,11.0,,,,,,,,,,,,,,,,,,
2022-07-12,2022-07-12,champion paralympique,champion vs champion ufc,True,False,,,,,22,EUR,,50.0,0%,0%,Low,0.0,,,,,,,,,,,,,,,,,,
2022-07-12,2022-07-12,champion paralympique,championne paralympique athletisme,True,False,,,,,1,EUR,,50.0,0%,0%,Low,0.0,,,,,,,,,,,,,,,,,,
2022-07-12,2022-07-12,jeux paralympique,jeu olympique paralympique,True,False,,,,,7,EUR,,50.0,0%,0%,Low,0.0,,,,,,,,,,,,,,,,,,
2022-07-12,2022-07-12,jeux paralympique,jeu paralympique hiver,True,False,,,,,7,EUR,,50.0,0%,â,Low,0.0,,,,,,,,,,,,,,,,,,
2022-07-12,2022-07-12,jeux olympiques,jeux olympique 08,True,False,,,,,22,EUR,,50.0,0%,0%,Low,0.0,,,,,,,,,,,,,,,,,,
2022-07-12,2022-07-12,jeux paralympique,jeux olympique paralympique 2022,True,False,,,,,28,EUR,,50.0,0%,â,Low,0.0,,,,,,,,,,,,,,,,,,
2022-07-12,2022-07-12,jeux olympiques,jeux olympiques 2022 algerie,True,False,,,,,26,EUR,,50.0,900%,â,Low,0.0,,,,,,,,,,,,,,,,,,
2022-07-12,2022-07-12,jeux olympiques,jeux olympiques 30 juillet,True,False,,,,,26,EUR,,50.0,0%,â,Low,0.0,,,,,,,,,,,,,,,,,,
2022-07-12,2022-07-12,jeux olympiques,jeux olympiques 4k,True,False,,,,,26,EUR,,50.0,0%,â,Low,4.0,,,,,,,,,,,,,,,,,,
2022-07-12,2022-07-12,jeux olympiques,jeux olympiques 5 anneaux,True,False,,,,,26,EUR,,50.0,0%,â,Low,0.0,,,,,,,,,,,,,,,,,,
2022-07-12,2022-07-12,jeux olympiques,jeux olympiques 5000m,True,False,,,,,29,EUR,,50.0,0%,â,Low,0.0,,,,,,,,,,,,,,,,,,
2022-07-12,2022-07-12,jeux olympiques,jeux olympiques algerie 2022,True,False,,,,,26,EUR,,50.0,â,â,Low,0.0,,,,,,,,,,,,,,,,,,
2022-07-12,2022-07-12,jeux olympiques,jeux olympiques emploi,True,False,,,,,26,EUR,,50.0,0%,0%,Low,4.0,0.04,0.22,,,,,,,,,,,,,,,,
2022-07-12,2022-07-12,jeux olympiques,jeux olympiques equestre 2024,True,False,,,,,8,EUR,,50.0,0%,â,Low,1.0,,,,,,,,,,,,,,,,,,
2022-07-12,2022-07-12,jeux olympiques,jeux olympiques ici radio canada,True,False,,,,,26,EUR,,50.0,â,â,Low,0.0,,,,,,,,,,,,,,,,,,
2022-07-12,2022-07-12,jeux olympiques,jeux olympiques jeunesse 2022,True,False,,,,,26,EUR,,50.0,900%,â,Low,0.0,,,,,,,,,,,,,,,,,,
2022-07-12,2022-07-12,jeux olympiques,jeux olympiques liste pays,True,False,,,,,26,EUR,,50.0,0%,â,Low,0.0,,,,,,,,,,,,,,,,,,
2022-07-12,2022-07-12,jeux olympiques,jeux olympiques mediterranee,True,False,,,,,26,EUR,,50.0,â,â,Low,1.0,,,,,,,,,,,,,,,,,,
2022-07-12,2022-07-12,jeux olympiques,jeux olympiques mediterranee 2021,True,False,,,,,12,EUR,,50.0,900%,â,Low,0.0,,,,,,,,,,,,,,,,,,
2022-07-12,2022-07-12,jeux olympiques,jeux olympiques natation noir,True,False,,,,,5,EUR,,50.0,0%,0%,Low,0.0,,,,,,,,,,,,,,,,,,
2022-07-12,2022-07-12,jeux olympiques,jeux olympiques nouveaux sports,True,False,,,,,26,EUR,,50.0,0%,0%,Low,0.0,,,,,,,,,,,,,,,,,,
2022-07-12,2022-07-12,jeux olympiques,jeux olympiques ouverture 2022,True,False,,,,,26,EUR,,50.0,0%,â,Low,0.0,,,,,,,,,,,,,,,,,,
2022-07-12,2022-07-12,jeux olympiques,jeux olympiques paris billets,True,False,,,,,8,EUR,,50.0,0%,â,Low,6.0,,,,,,,,,,,,,,,,,,
2022-07-12,2022-07-12,jeux olympiques,jeux olympiques qatar 2019,True,False,,,,,26,EUR,,50.0,0%,â,Low,0.0,,,,,,,,,,,,,,,,,,
2022-07-12,2022-07-12,jeux olympiques,jeux olympiques quebec,True,False,,,,,26,EUR,,50.0,0%,0%,Low,1.0,,,,,,,,,,,,,,,,,,
2022-07-12,2022-07-12,jeux olympiques,jeux olympiques quel sport,True,False,,,,,26,EUR,,50.0,0%,â,Low,0.0,,,,,,,,,,,,,,,,,,
2022-07-12,2022-07-12,jeux olympiques,jeux olympiques un jour une question,True,False,,,,,27,EUR,,50.0,0%,â,Low,0.0,,,,,,,,,,,,,,,,,,
2022-07-12,2022-07-12,jeux olympiques,jeux olympiques usain bolt,True,False,,,,,26,EUR,,50.0,0%,0%,Low,0.0,,,,,,,,,,,,,,,,,,
2022-07-12,2022-07-12,jeux olympiques,jeux olympiques vikidia,True,False,,,,,26,EUR,,50.0,0%,â,Low,0.0,,,,,,,,,,,,,,,,,,
2022-07-12,2022-07-12,jeux olympiques,jeux olympiques whistler,True,False,,,,,26,EUR,,50.0,0%,0%,Low,0.0,,,,,,,,,,,,,,,,,,
2022-07-12,2022-07-12,jeux olympiques,jeux olympiques xbox 360,True,False,,,,,26,EUR,,50.0,0%,0%,Low,29.0,,,,,,,,,,,,,,,,,,
2022-07-12,2022-07-12,jeux olympiques,jeux olympiques youtube,True,False,,,,,26,EUR,,50.0,0%,0%,Low,0.0,,,,,,,,,,,,,,,,,,
2022-07-12,2022-07-12,jeux paralympique,jeux paralympique 2000 triche,True,False,,,,,28,EUR,,50.0,0%,â,Low,0.0,,,,,,,,,,,,,,,,,,
2022-07-12,2022-07-12,jeux paralympique,jeux paralympique basket,True,False,,,,,23,EUR,,50.0,0%,0%,Low,0.0,,,,,,,,,,,,,,,,,,
2022-07-12,2022-07-12,jeux paralympique,jeux paralympique classement medaille,True,False,,,,,28,EUR,,50.0,0%,â,Low,0.0,,,,,,,,,,,,,,,,,,
2022-07-12,2022-07-12,jeux paralympique,jeux paralympique cyclisme,True,False,,,,,28,EUR,,50.0,0%,0%,Low,0.0,,,,,,,,,,,,,,,,,,
2022-07-12,2022-07-12,jeux paralympique,jeux paralympique definition,True,False,,,,,28,EUR,,50.0,0%,0%,Low,0.0,,,,,,,,,,,,,,,,,,
2022-07-12,2022-07-12,jeux paralympique,jeux paralympique foot aveugle,True,False,,,,,28,EUR,,50.0,0%,â,Low,0.0,,,,,,,,,,,,,,,,,,
2022-07-12,2022-07-12,jeux paralympique,jeux paralympique gymnastique,True,False,,,,,17,EUR,,50.0,0%,0%,Low,0.0,,,,,,,,,,,,,,,,,,
2022-07-12,2022-07-12,jeux paralympique,jeux paralympique handicap,True,False,,,,,28,EUR,,50.0,0%,â,Low,0.0,,,,,,,,,,,,,,,,,,
2022-07-12,2022-07-12,jeux paralympique,jeux paralympique hiver 2022,True,False,,,,,30,EUR,,50.0,0%,â,Low,0.0,,,,,,,,,,,,,,,,,,
2022-07-12,2022-07-12,jeux paralympique,jeux paralympique rio 2016,True,False,,,,,1,EUR,,50.0,0%,0%,Low,0.0,,,,,,,,,,,,,,,,,,
2022-07-12,2022-07-12,jeux paralympique,jeux paralympique ski de fond,True,False,,,,,28,EUR,,50.0,0%,â,Low,0.0,,,,,,,,,,,,,,,,,,
2022-07-12,2022-07-12,jeux paralympique,jeux paralympique t38,True,False,,,,,28,EUR,,50.0,â,0%,Low,0.0,,,,,,,,,,,,,,,,,,
2022-07-12,2022-07-12,jeux paralympique,jeux paralympiques 1996,True,False,,,,,3,EUR,,50.0,0%,0%,Low,0.0,,,,,,,,,,,,,,,,,,
2022-07-12,2022-07-12,jeux paralympique,jeux paralympiques 2022 ukraine,True,False,,,,,3,EUR,,50.0,0%,â,Low,0.0,,,,,,,,,,,,,,,,,,
2022-07-12,2022-07-12,jeux paralympique,jeux paralympiques arthur bauchet,True,False,,,,,3,EUR,,50.0,0%,â,Low,0.0,,,,,,,,,,,,,,,,,,
2022-07-12,2022-07-12,jeux paralympique,jeux paralympiques aviron,True,False,,,,,3,EUR,,50.0,0%,0%,Low,0.0,,,,,,,,,,,,,,,,,,
2022-07-12,2022-07-12,jeux paralympique,jeux paralympiques beijing,True,False,,,,,3,EUR,,50.0,0%,â,Low,0.0,,,,,,,,,,,,,,,,,,
2022-07-12,2022-07-12,jeux paralympique,jeux paralympiques beijing 2022,True,False,,,,,3,EUR,,50.0,0%,â,Low,0.0,,,,,,,,,,,,,,,,,,
2022-07-12,2022-07-12,jeux paralympique,jeux paralympiques cycle 3,True,False,,,,,3,EUR,,50.0,0%,â,Low,2.0,,,,,,,,,,,,,,,,,,
2022-07-12,2022-07-12,jeux paralympique,jeux paralympiques en anglais,True,False,,,,,3,EUR,,50.0,0%,â,Low,0.0,,,,,,,,,,,,,,,,,,
2022-07-12,2022-07-12,jeux paralympique,jeux paralympiques escalade,True,False,,,,,3,EUR,,50.0,0%,â,Low,0.0,,,,,,,,,,,,,,,,,,
2022-07-12,2022-07-12,jeux paralympique,jeux paralympiques escrime,True,False,,,,,3,EUR,,50.0,0%,0%,Low,0.0,,,,,,,,,,,,,,,,,,
2022-07-12,2022-07-12,jeux paralympique,jeux paralympiques handball,True,False,,,,,16,EUR,,50.0,0%,0%,Low,0.0,,,,,,,,,,,,,,,,,,
2022-07-12,2022-07-12,jeux paralympique,jeux paralympiques handicap mental,True,False,,,,,3,EUR,,50.0,0%,0%,Low,1.0,,,,,,,,,,,,,,,,,,
2022-07-12,2022-07-12,jeux paralympique,jeux paralympiques judo,True,False,,,,,25,EUR,,50.0,0%,0%,Low,0.0,,,,,,,,,,,,,,,,,,
2022-07-12,2022-07-12,jeux paralympique,jeux paralympiques londres 2012,True,False,,,,,3,EUR,,50.0,0%,0%,Low,0.0,,,,,,,,,,,,,,,,,,
2022-07-12,2022-07-12,jeux paralympique,jeux paralympiques natation 2021,True,False,,,,,5,EUR,,50.0,0%,â,Low,0.0,,,,,,,,,,,,,,,,,,
2022-07-12,2022-07-12,jeux paralympique,jeux paralympiques palmares,True,False,,,,,3,EUR,,50.0,0%,0%,Low,0.0,,,,,,,,,,,,,,,,,,
2022-07-12,2022-07-12,jeux paralympique,jeux paralympiques pyeongchang,True,False,,,,,3,EUR,,50.0,0%,0%,Low,0.0,,,,,,,,,,,,,,,,,,
2022-07-12,2022-07-12,jeux paralympique,jeux paralympiques quel handicap,True,False,,,,,3,EUR,,50.0,0%,â,Low,0.0,,,,,,,,,,,,,,,,,,
2022-07-12,2022-07-12,jeux paralympique,jeux paralympiques rugby,True,False,,,,,3,EUR,,50.0,0%,0%,Low,0.0,,,,,,,,,,,,,,,,,,
2022-07-12,2022-07-12,jeux paralympique,jeux paralympiques voile,True,False,,,,,3,EUR,,50.0,0%,â,Low,0.0,,,,,,,,,,,,,,,,,,
2022-07-12,2022-07-12,jeux paralympique,les jeux paralympique,True,False,,,,,28,EUR,,50.0,0%,0%,Low,0.0,,,,,,,,,,,,,,,,,,
2022-07-12,2022-07-12,champion olympique,olympic champion ice hockey,True,False,,,,,4,EUR,,50.0,0%,0%,Low,0.0,,,,,,,,,,,,,,,,,,
2022-07-12,2022-07-12,champion olympique,olympic champion ice skating,True,False,,,,,4,EUR,,50.0,0%,0%,Low,0.0,,,,,,,,,,,,,,,,,,
2022-07-12,2022-07-12,champion olympique,olympic champion in hockey,True,False,,,,,4,EUR,,50.0,0%,0%,Low,0.0,,,,,,,,,,,,,,,,,,
2022-07-12,2022-07-12,champion olympique,olympic champion india 2021,True,False,,,,,4,EUR,,50.0,0%,â,Low,0.0,,,,,,,,,,,,,,,,,,
2022-07-12,2022-07-12,champion olympique,olympic champion of india,True,False,,,,,4,EUR,,50.0,0%,0%,Low,0.0,,,,,,,,,,,,,,,,,,
2022-07-12,2022-07-12,champion olympique,olympic champion quotes,True,False,,,,,4,EUR,,50.0,0%,â,Low,0.0,,,,,,,,,,,,,,,,,,
2022-07-12,2022-07-12,champion olympique,olympic champion usain bolt,True,False,,,,,4,EUR,,50.0,0%,0%,Low,0.0,,,,,,,,,,,,,,,,,,
2022-07-12,2022-07-12,champion olympique,olympic champion weightlifting,True,False,,,,,4,EUR,,50.0,0%,â,Low,0.0,,,,,,,,,,,,,,,,,,
2022-07-12,2022-07-12,champion olympique,olympic champion wrestling,True,False,,,,,4,EUR,,50.0,0%,0%,Low,0.0,,,,,,,,,,,,,,,,,,
2022-07-12,2022-07-12,jeux paralympique,que hacer en cola de caballo,True,False,,,,,26,EUR,,50.0,0%,0%,Low,7.0,,,,,,,,,,,,,,,,,,
2022-07-12,2022-07-12,champion olympique,women's 100m olympic champion,True,False,,,,,4,EUR,,50.0,0%,0%,Low,0.0,,,,,,,,,,,,,,,,,,
2022-07-12,2022-07-12,champion olympique,yoka champion olympique,True,False,,,,,22,EUR,,50.0,0%,â,Low,0.0,,,,,,,,,,,,,,,,,,
